{"cameraMode":{"drawMode":0,"name":"Shaded","section":"Shading Mode"},"sceneLighting":false,"audioPlay":false,"sceneViewState":{"showFog":true,"showMaterialUpdate":false,"showSkybox":true,"showFlares":true,"showImageEffects":true,"showParticleSystems":true},"in2DMode":false,"pivot":{"x":0.19999998807907105,"y":0.6000000238418579,"z":0.0},"rotation":{"x":-0.12668323516845704,"y":0.8624419569969177,"z":-0.4121604263782501,"w":-0.2650832533836365},"size":3.0602939128875734,"orthographic":false}